<manifest alg="2" build="2018.0.0.379" opt="true" iceEnabled="true" iceMarkupVersion="2" iceEnabledOptions="link,responsive,cachebuster,textStyling" ftp_hostname="ftp://sjltheater.com" ftp_rootfolder="/sjltheater.com" exportTarget="FTP" domain="www.sjltheater.com" resolutions="1x" timestamp="1565076196276">
  <folder name="css">
    <file name="site_global.css" crc="4209693536"/>
    <file name="master_a-master.css" crc="4029896790" ref="fun-photo-of-me:lone-star:boeing-boeing:angel-street:portfolio:radio-golf:debauchary:the-little-mermaid:death-and-silence:video-portfolio:lmhc:project-serenity:index:death-of-the-ego:my-block:children-s-hour:ruined:the-meeting:speig:the-open-hand:artist-statment:three-keys:fine-arts"/>
    <file name="fun-photo-of-me.css" crc="3999833138" ref="fun-photo-of-me"/>
    <file name="lone-star.css" crc="164729430" ref="lone-star"/>
    <file name="boeing-boeing.css" crc="282537909" ref="boeing-boeing"/>
    <file name="angel-street.css" crc="3971465304" ref="angel-street"/>
    <file name="portfolio.css" crc="40872192" ref="portfolio"/>
    <file name="radio-golf.css" crc="233594556" ref="radio-golf"/>
    <file name="debauchary.css" crc="347197101" ref="debauchary"/>
    <file name="the-little-mermaid.css" crc="4230782392" ref="the-little-mermaid"/>
    <file name="death-and-silence.css" crc="200772365" ref="death-and-silence"/>
    <file name="video-portfolio.css" crc="4246826928" ref="video-portfolio"/>
    <file name="lmhc.css" crc="256174278" ref="lmhc"/>
    <file name="project-serenity.css" crc="3839636108" ref="project-serenity"/>
    <file name="index.css" crc="234890809" ref="index"/>
    <file name="death-of-the-ego.css" crc="170455266" ref="death-of-the-ego"/>
    <file name="my-block.css" crc="3899775513" ref="my-block"/>
    <file name="children-s-hour.css" crc="203408346" ref="children-s-hour"/>
    <file name="ruined.css" crc="3875216389" ref="ruined"/>
    <file name="the-meeting.css" crc="34681160" ref="the-meeting"/>
    <file name="speig.css" crc="217837186" ref="speig"/>
    <file name="the-open-hand.css" crc="101161855" ref="the-open-hand"/>
    <file name="artist-statment.css" crc="4142578793" ref="artist-statment"/>
    <file name="three-keys.css" crc="4065702225" ref="three-keys"/>
    <file name="fine-arts.css" crc="3862367002" ref="fine-arts"/>
  </folder>
  <folder name="assets">
    <file name="lutz_resume_2018.pdf" crc="374252963" seo="true" mt="1531779244000"/>
    <file name="resume_lutz.pdf" crc="325919406" seo="true" mt="1540913013000"/>
    <file name="resume_lutz_feb2019_2.pdf" crc="4120592382" seo="true" mt="1551390961000"/>
  </folder>
  <folder name="scripts">
    <file name="jquery-1.8.3.min.js" crc="209076791" ref="phone>index:phone>video-portfolio:phone>portfolio:phone>angel-street:phone>death-and-silence:phone>project-serenity:phone>my-block:phone>ruined:phone>the-meeting:phone>ls:phone>boeing-boeing:phone>radio-golf:phone>the-little-mermaid:phone>reality-check:phone>rando:phone>lmhc:phone>death-of-the-ego:phone>ch:portfolio:death-and-silence:index:project-serenity:my-block:ruined:the-meeting:fun-photo-of-me:lone-star:boeing-boeing:angel-street:radio-golf:the-little-mermaid:video-portfolio:lmhc:death-of-the-ego:children-s-hour:debauchary:phone>speigeltent:speig:phone>the-open-hand:the-open-hand:artist-statment:three-keys:phone>three-keys:fine-arts:phone>fine-arts"/>
    <file name="museutils.js" crc="3803043152" ref="phone>index:phone>video-portfolio:phone>portfolio:phone>angel-street:phone>death-and-silence:phone>project-serenity:phone>my-block:phone>ruined:phone>the-meeting:phone>ls:phone>boeing-boeing:phone>radio-golf:phone>the-little-mermaid:phone>reality-check:phone>rando:phone>lmhc:phone>death-of-the-ego:phone>ch:portfolio:death-and-silence:index:project-serenity:my-block:ruined:the-meeting:fun-photo-of-me:lone-star:boeing-boeing:angel-street:radio-golf:the-little-mermaid:video-portfolio:lmhc:death-of-the-ego:children-s-hour:debauchary:phone>speigeltent:speig:phone>the-open-hand:the-open-hand:artist-statment:three-keys:phone>three-keys:fine-arts:phone>fine-arts"/>
    <file name="whatinput.js" crc="86476730" ref="phone>index:phone>video-portfolio:phone>portfolio:phone>angel-street:phone>death-and-silence:phone>project-serenity:phone>my-block:phone>ruined:phone>the-meeting:phone>ls:phone>boeing-boeing:phone>radio-golf:phone>the-little-mermaid:phone>reality-check:phone>rando:phone>lmhc:phone>death-of-the-ego:phone>ch:portfolio:death-and-silence:index:project-serenity:my-block:ruined:the-meeting:fun-photo-of-me:lone-star:boeing-boeing:angel-street:radio-golf:the-little-mermaid:video-portfolio:lmhc:death-of-the-ego:children-s-hour:debauchary:phone>speigeltent:speig:phone>the-open-hand:the-open-hand:artist-statment:three-keys:phone>three-keys:fine-arts:phone>fine-arts"/>
    <file name="museconfig.js" crc="4153641093" ref="phone>index:phone>video-portfolio:phone>portfolio:phone>angel-street:phone>death-and-silence:phone>project-serenity:phone>my-block:phone>ruined:phone>the-meeting:phone>ls:phone>boeing-boeing:phone>radio-golf:phone>the-little-mermaid:phone>reality-check:phone>rando:phone>lmhc:phone>death-of-the-ego:phone>ch:portfolio:death-and-silence:index:project-serenity:my-block:ruined:the-meeting:fun-photo-of-me:lone-star:boeing-boeing:angel-street:radio-golf:the-little-mermaid:video-portfolio:lmhc:death-of-the-ego:children-s-hour:debauchary:phone>speigeltent:speig:phone>the-open-hand:the-open-hand:artist-statment:three-keys:phone>three-keys:fine-arts:phone>fine-arts"/>
    <file name="webpro.js" crc="242022427" ref="phone>index:index"/>
    <file name="musewpslideshow.js" crc="457073769" ref="phone>index:index"/>
    <file name="jquery.museoverlay.js" crc="483674903" ref="phone>index:index"/>
    <file name="touchswipe.js" crc="4066113679" ref="phone>index:index"/>
    <file name="jquery.watch.js" crc="99325471" ref="phone>index:phone>video-portfolio:phone>portfolio:phone>angel-street:phone>death-and-silence:phone>project-serenity:phone>my-block:phone>ruined:phone>the-meeting:phone>ls:phone>boeing-boeing:phone>radio-golf:phone>the-little-mermaid:phone>reality-check:phone>rando:phone>lmhc:phone>death-of-the-ego:phone>ch:portfolio:death-and-silence:index:project-serenity:my-block:ruined:the-meeting:fun-photo-of-me:lone-star:boeing-boeing:angel-street:radio-golf:the-little-mermaid:video-portfolio:lmhc:death-of-the-ego:children-s-hour:debauchary:phone>speigeltent:speig:phone>the-open-hand:the-open-hand:artist-statment:three-keys:phone>three-keys:fine-arts:phone>fine-arts"/>
    <file name="require.js" crc="4157109226" ref="phone>index:phone>video-portfolio:phone>portfolio:phone>angel-street:phone>death-and-silence:phone>project-serenity:phone>my-block:phone>ruined:phone>the-meeting:phone>ls:phone>boeing-boeing:phone>radio-golf:phone>the-little-mermaid:phone>reality-check:phone>rando:phone>lmhc:phone>death-of-the-ego:phone>ch:portfolio:death-and-silence:index:project-serenity:my-block:ruined:the-meeting:fun-photo-of-me:lone-star:boeing-boeing:angel-street:radio-golf:the-little-mermaid:video-portfolio:lmhc:death-of-the-ego:children-s-hour:debauchary:phone>speigeltent:speig:phone>the-open-hand:the-open-hand:artist-statment:three-keys:phone>three-keys:fine-arts:phone>fine-arts"/>
  </folder>
  <folder name="images">
    <file name="logo.png" crc="81722253" seo="true" ref="phone>index:phone>video-portfolio:phone>portfolio:phone>angel-street:phone>death-and-silence:phone>project-serenity:phone>my-block:phone>ruined:phone>the-meeting:phone>ls:phone>boeing-boeing:phone>radio-golf:phone>the-little-mermaid:phone>reality-check:phone>lmhc:phone>death-of-the-ego:phone>ch:portfolio:death-and-silence:index:project-serenity:my-block:ruined:the-meeting:fun-photo-of-me:lone-star:boeing-boeing:angel-street:radio-golf:the-little-mermaid:video-portfolio:lmhc:death-of-the-ego:children-s-hour:debauchary:phone>speigeltent:speig:phone>the-open-hand:the-open-hand:artist-statment:three-keys:phone>three-keys:fine-arts:phone>fine-arts">
      <caption webpage="speigeltent" alt=""/>
      <caption webpage="children-s-hour" alt=""/>
      <caption webpage="ruined" alt=""/>
      <caption webpage="death-and-silence" alt=""/>
      <caption webpage="ch" alt=""/>
      <caption webpage="video-portfolio" alt=""/>
      <caption webpage="lone-star" alt=""/>
      <caption webpage="ls" alt=""/>
      <caption webpage="portfolio" alt=""/>
      <caption webpage="my-block" alt=""/>
      <caption webpage="fine-arts" alt=""/>
      <caption webpage="fine-arts" alt=""/>
      <caption webpage="angel-street" alt=""/>
      <caption webpage="boeing-boeing" alt=""/>
      <caption webpage="reality-check" alt=""/>
      <caption webpage="the-meeting" alt=""/>
      <caption webpage="resume-options" alt=""/>
      <caption webpage="death-of-the-ego" alt=""/>
      <caption webpage="lmhc" alt=""/>
      <caption webpage="artist-statment" alt=""/>
      <caption webpage="index" alt=""/>
      <caption webpage="the-open-hand" alt=""/>
      <caption webpage="project-serenity" alt=""/>
      <caption webpage="fun-photo-of-me" alt=""/>
      <caption webpage="debauchary" alt=""/>
      <caption webpage="three-keys" alt=""/>
      <caption webpage="the-little-mermaid" alt=""/>
      <caption webpage="radio-golf" alt=""/>
      <caption webpage="speig" alt=""/>
    </file>
    <file name="u1388-8.png" crc="3882037928" ref="phone>index:phone>video-portfolio:phone>portfolio:phone>angel-street:phone>death-and-silence:phone>project-serenity:phone>my-block:phone>ruined:phone>the-meeting:phone>ls:phone>boeing-boeing:phone>radio-golf:phone>the-little-mermaid:phone>reality-check:phone>lmhc:phone>death-of-the-ego:phone>ch:phone>speigeltent:phone>the-open-hand:phone>three-keys:phone>fine-arts"/>
    <file name="blank.gif" crc="4208392903" ref="phone>index:phone>video-portfolio:phone>portfolio:phone>angel-street:phone>death-and-silence:phone>project-serenity:phone>my-block:phone>ruined:phone>the-meeting:phone>ls:phone>boeing-boeing:phone>radio-golf:phone>the-little-mermaid:phone>reality-check:phone>lmhc:phone>death-of-the-ego:phone>ch:portfolio:death-and-silence:index:project-serenity:my-block:ruined:the-meeting:fun-photo-of-me:lone-star:boeing-boeing:angel-street:radio-golf:the-little-mermaid:video-portfolio:lmhc:death-of-the-ego:children-s-hour:debauchary:phone>speigeltent:speig:phone>the-open-hand:the-open-hand:artist-statment:three-keys:phone>three-keys:fine-arts:phone>fine-arts"/>
    <file name="u1398_states.png" crc="3961974338" ref="phone>index:phone>video-portfolio:phone>portfolio:phone>angel-street:phone>death-and-silence:phone>project-serenity:phone>my-block:phone>ruined:phone>the-meeting:phone>ls:phone>boeing-boeing:phone>radio-golf:phone>the-little-mermaid:phone>reality-check:phone>lmhc:phone>death-of-the-ego:phone>ch:phone>speigeltent:phone>the-open-hand:phone>three-keys:phone>fine-arts"/>
    <file name="u1398_states-r.png" crc="4196499743" ref="phone>index:phone>video-portfolio:phone>portfolio:phone>angel-street:phone>death-and-silence:phone>project-serenity:phone>my-block:phone>ruined:phone>the-meeting:phone>ls:phone>boeing-boeing:phone>radio-golf:phone>the-little-mermaid:phone>reality-check:phone>lmhc:phone>death-of-the-ego:phone>ch:phone>speigeltent:phone>the-open-hand:phone>three-keys:phone>fine-arts"/>
    <file name="u1399_states.png" crc="418855196" ref="phone>index:phone>video-portfolio:phone>portfolio:phone>angel-street:phone>death-and-silence:phone>project-serenity:phone>my-block:phone>ruined:phone>the-meeting:phone>ls:phone>boeing-boeing:phone>radio-golf:phone>the-little-mermaid:phone>reality-check:phone>lmhc:phone>death-of-the-ego:phone>ch:phone>speigeltent:phone>the-open-hand:phone>three-keys:phone>fine-arts"/>
    <file name="u1399_states-r.png" crc="25175186" ref="phone>index:phone>video-portfolio:phone>portfolio:phone>angel-street:phone>death-and-silence:phone>project-serenity:phone>my-block:phone>ruined:phone>the-meeting:phone>ls:phone>boeing-boeing:phone>radio-golf:phone>the-little-mermaid:phone>reality-check:phone>lmhc:phone>death-of-the-ego:phone>ch:phone>speigeltent:phone>the-open-hand:phone>three-keys:phone>fine-arts"/>
    <file name="u1400_states.png" crc="3821975622" ref="phone>index:phone>video-portfolio:phone>portfolio:phone>angel-street:phone>death-and-silence:phone>project-serenity:phone>my-block:phone>ruined:phone>the-meeting:phone>ls:phone>boeing-boeing:phone>radio-golf:phone>the-little-mermaid:phone>reality-check:phone>lmhc:phone>death-of-the-ego:phone>ch:phone>speigeltent:phone>the-open-hand:phone>three-keys:phone>fine-arts"/>
    <file name="u1400_states-r.png" crc="3894472846" ref="phone>index:phone>video-portfolio:phone>portfolio:phone>angel-street:phone>death-and-silence:phone>project-serenity:phone>my-block:phone>ruined:phone>the-meeting:phone>ls:phone>boeing-boeing:phone>radio-golf:phone>the-little-mermaid:phone>reality-check:phone>lmhc:phone>death-of-the-ego:phone>ch:phone>speigeltent:phone>the-open-hand:phone>three-keys:phone>fine-arts"/>
    <file name="u1401_states.png" crc="4009873243" ref="phone>index:phone>video-portfolio:phone>portfolio:phone>angel-street:phone>death-and-silence:phone>project-serenity:phone>my-block:phone>ruined:phone>the-meeting:phone>ls:phone>boeing-boeing:phone>radio-golf:phone>the-little-mermaid:phone>reality-check:phone>lmhc:phone>death-of-the-ego:phone>ch:phone>speigeltent:phone>the-open-hand:phone>three-keys:phone>fine-arts"/>
    <file name="u1401_states-r.png" crc="73376329" ref="phone>index:phone>video-portfolio:phone>portfolio:phone>angel-street:phone>death-and-silence:phone>project-serenity:phone>my-block:phone>ruined:phone>the-meeting:phone>ls:phone>boeing-boeing:phone>radio-golf:phone>the-little-mermaid:phone>reality-check:phone>lmhc:phone>death-of-the-ego:phone>ch:phone>speigeltent:phone>the-open-hand:phone>three-keys:phone>fine-arts"/>
    <file name="u1708-4.png" crc="3909838186" ref="phone>index"/>
    <file name="u1709-4.png" crc="4051991607" ref="phone>index"/>
    <file name="u1717-4.png" crc="3911546990" ref="phone>index"/>
    <file name="img_0340230x153.jpg" crc="509557086" seo="true" ref="phone>index">
      <caption webpage="index" alt=""/>
    </file>
    <file name="badass down light intro.jpg" crc="4116425853" seo="true" ref="phone>index:portfolio">
      <caption webpage="index" alt=""/>
      <caption webpage="portfolio" alt=""/>
    </file>
    <file name="the meeting 1218x153.jpg" crc="368508225" seo="true" ref="phone>index">
      <caption webpage="index" alt=""/>
    </file>
    <file name="boeing 1220x153.jpg" crc="3970778943" seo="true" ref="phone>index">
      <caption webpage="index" alt=""/>
    </file>
    <file name="loading.gif" crc="3815509949" ref="phone>index:index"/>
    <file name="u3146-12.png" crc="75766815" ref="phone>index:phone>video-portfolio:phone>portfolio:phone>angel-street:phone>death-and-silence:phone>project-serenity:phone>my-block:phone>ruined:phone>the-meeting:phone>ls:phone>boeing-boeing:phone>radio-golf:phone>the-little-mermaid:phone>reality-check:phone>lmhc:phone>death-of-the-ego:phone>ch:phone>speigeltent:phone>the-open-hand:phone>three-keys:phone>fine-arts"/>
    <file name="u1423-8.png" crc="17803808" ref="phone>video-portfolio"/>
    <file name="u1779-4.png" crc="4063158878" ref="phone>portfolio"/>
    <file name="u3119-5.png" crc="4217226057" ref="phone>portfolio"/>
    <file name="img_8995.jpg" crc="90242717" seo="true" ref="phone>portfolio">
      <caption webpage="portfolio" alt=""/>
    </file>
    <file name="u3102-5.png" crc="141624764" ref="phone>portfolio"/>
    <file name="img_8502272x182.jpg" crc="123445263" seo="true" ref="phone>portfolio">
      <caption webpage="portfolio" alt=""/>
    </file>
    <file name="u2592-6.png" crc="479961773" ref="phone>portfolio"/>
    <file name="img_0960272x205.jpg" crc="466280542" seo="true" ref="phone>portfolio">
      <caption webpage="portfolio" alt=""/>
    </file>
    <file name="u1735-4.png" crc="506318895" ref="phone>portfolio"/>
    <file name="death and silence kiss intro.jpg" crc="3801875172" seo="true" ref="phone>portfolio:phone>death-and-silence:index">
      <caption webpage="index" alt=""/>
      <caption webpage="death-and-silence" alt=""/>
      <caption webpage="portfolio" alt=""/>
    </file>
    <file name="u1741-4.png" crc="3917024893" ref="phone>portfolio"/>
    <file name="img_0340.jpg" crc="282646895" seo="true" ref="phone>portfolio:phone>project-serenity:project-serenity:index">
      <caption webpage="index" alt=""/>
      <caption webpage="project-serenity" alt=""/>
      <caption webpage="portfolio" alt=""/>
    </file>
    <file name="u1747-4.png" crc="4226872545" ref="phone>portfolio"/>
    <file name="the meeting 2.jpg" crc="84009074" seo="true" ref="phone>portfolio:phone>the-meeting:the-meeting">
      <caption webpage="portfolio" alt=""/>
      <caption webpage="the-meeting" alt=""/>
    </file>
    <file name="u1753-4.png" crc="334796233" ref="phone>portfolio"/>
    <file name="img_1028.jpg" crc="4127103541" seo="true" ref="phone>portfolio:phone>my-block:my-block">
      <caption webpage="my-block" alt=""/>
      <caption webpage="portfolio" alt=""/>
    </file>
    <file name="u1759-4.png" crc="112638571" ref="phone>portfolio"/>
    <file name="ruined 1.jpg" crc="242312541" seo="true" ref="phone>portfolio:phone>ruined:ruined">
      <caption webpage="ruined" alt=""/>
      <caption webpage="portfolio" alt=""/>
    </file>
    <file name="u1765-4.png" crc="432711033" ref="phone>portfolio"/>
    <file name="u1774-4.png" crc="69928804" ref="phone>portfolio"/>
    <file name="img_7574.jpg" crc="3781030465" seo="true" ref="phone>portfolio:phone>ls:lone-star">
      <caption webpage="portfolio" alt=""/>
      <caption webpage="lone-star" alt=""/>
      <caption webpage="ls" alt=""/>
    </file>
    <file name="u2015-7.png" crc="3786965054" ref="phone>angel-street"/>
    <file name="u2020-8.png" crc="4146588077" ref="phone>death-and-silence"/>
    <file name="u2021-9.png" crc="417972963" ref="phone>death-and-silence"/>
    <file name="death and silence red coreographed opening number, red led cyc and r27 special on crystal being snatched.jpg" crc="4107239055" seo="true" ref="phone>death-and-silence:death-and-silence">
      <caption webpage="death-and-silence" alt=""/>
    </file>
    <file name="badass down light intro2.jpg" crc="158879580" seo="true" ref="phone>death-and-silence">
      <caption webpage="death-and-silence" alt=""/>
    </file>
    <file name="plastic wrap torture test.jpg" crc="3877105659" seo="true" ref="phone>death-and-silence">
      <caption webpage="death-and-silence" alt=""/>
    </file>
    <file name="u2071-8.png" crc="3870568934" ref="phone>project-serenity"/>
    <file name="u2072-9.png" crc="3877136342" ref="phone>project-serenity"/>
    <file name="isolation fixed.jpg" crc="489017753" seo="true" ref="phone>project-serenity">
      <caption webpage="index" alt=""/>
      <caption webpage="project-serenity" alt=""/>
    </file>
    <file name="img_0492.jpg" crc="3896038840" seo="true" ref="phone>project-serenity">
      <caption webpage="project-serenity" alt=""/>
    </file>
    <file name="u2112-8.png" crc="4062748939" ref="phone>my-block"/>
    <file name="u2113-11.png" crc="4156314586" ref="phone>my-block"/>
    <file name="img_1027.jpg" crc="121248222" seo="true" ref="phone>my-block:my-block">
      <caption webpage="my-block" alt=""/>
    </file>
    <file name="u2150-8.png" crc="4287795118" ref="phone>ruined"/>
    <file name="u2151-9.png" crc="3945445554" ref="phone>ruined"/>
    <file name="ruined 2.jpg" crc="419167300" seo="true" ref="phone>ruined:ruined">
      <caption webpage="ruined" alt=""/>
    </file>
    <file name="dpp_0179.jpg" crc="3909967136" seo="true" ref="phone>ruined:ruined">
      <caption webpage="ruined" alt=""/>
    </file>
    <file name="u2190-10.png" crc="179528413" ref="phone>the-meeting"/>
    <file name="the meeting 1.jpg" crc="4110311138" seo="true" ref="phone>the-meeting:the-meeting">
      <caption webpage="the-meeting" alt=""/>
    </file>
    <file name="the meeting projections.jpg" crc="113814913" seo="true" ref="phone>the-meeting">
      <caption webpage="the-meeting" alt=""/>
    </file>
    <file name="u2191-14.png" crc="361287125" ref="phone>the-meeting"/>
    <file name="u2232-12.png" crc="3930139604" ref="phone>ls"/>
    <file name="u2233-9.png" crc="4290719789" ref="phone>ls"/>
    <file name="u2267-9.png" crc="213075520" ref="phone>boeing-boeing"/>
    <file name="u2268-9.png" crc="458019973" ref="phone>boeing-boeing"/>
    <file name="boeing boeing in scene look-crop-u2271.jpg" crc="3826323676" seo="true" ref="phone>boeing-boeing">
      <caption webpage="boeing-boeing" alt=""/>
    </file>
    <file name="boeing 2.jpg" crc="3853023752" seo="true" ref="phone>boeing-boeing">
      <caption webpage="boeing-boeing" alt=""/>
    </file>
    <file name="boeing boeing in scene vs transition.jpg" crc="51356142" seo="true" ref="phone>boeing-boeing:boeing-boeing">
      <caption webpage="boeing-boeing" alt=""/>
    </file>
    <file name="u2331-8.png" crc="4031785336" ref="phone>radio-golf"/>
    <file name="u2332-9.png" crc="10597662" ref="phone>radio-golf"/>
    <file name="img_0275270x203.jpg" crc="4113343382" seo="true" ref="phone>radio-golf">
      <caption webpage="radio-golf" alt=""/>
    </file>
    <file name="13220756_1188938951125215_6366150466610158320_o274x183.jpg" crc="4043083707" seo="true" ref="phone>radio-golf">
      <caption webpage="radio-golf" alt=""/>
    </file>
    <file name="u2343-8.png" crc="4085306972" ref="phone>the-little-mermaid"/>
    <file name="u2344-6.png" crc="340713849" ref="phone>the-little-mermaid"/>
    <file name="little mermaid-crop-u2347.jpg" crc="4082509574" seo="true" ref="phone>the-little-mermaid">
      <caption webpage="the-little-mermaid" alt=""/>
    </file>
    <file name="mermaid 1.jpg" crc="3964566782" seo="true" ref="phone>the-little-mermaid:the-little-mermaid">
      <caption webpage="the-little-mermaid" alt=""/>
    </file>
    <file name="u2378-8.png" crc="4215144032" ref="phone>reality-check"/>
    <file name="u2375-4.png" crc="490031722" ref="phone>reality-check"/>
    <file name="u1973-8.png" crc="3807282617" ref="phone>lmhc"/>
    <file name="u1982-10.png" crc="3960848464" ref="phone>lmhc"/>
    <file name="img_0960288x216.jpg" crc="4235849152" seo="true" ref="phone>lmhc">
      <caption webpage="lmhc" alt=""/>
    </file>
    <file name="fullsizerender 3294x226.jpg" crc="192093211" seo="true" ref="phone>lmhc">
      <caption webpage="lmhc" alt=""/>
    </file>
    <file name="img_0957290x218.jpg" crc="3947474658" seo="true" ref="phone>lmhc">
      <caption webpage="lmhc" alt=""/>
    </file>
    <file name="u2990-8.png" crc="415096159" ref="phone>death-of-the-ego"/>
    <file name="img_8185290x216.jpg" crc="232071325" seo="true" ref="phone>death-of-the-ego">
      <caption webpage="death-of-the-ego" alt=""/>
    </file>
    <file name="img_8502290x216.jpg" crc="3787927132" seo="true" ref="phone>death-of-the-ego">
      <caption webpage="death-of-the-ego" alt=""/>
    </file>
    <file name="img_8059290x216.jpg" crc="4176086004" seo="true" ref="phone>death-of-the-ego">
      <caption webpage="death-of-the-ego" alt=""/>
    </file>
    <file name="u2997-11.png" crc="232986955" ref="phone>death-of-the-ego"/>
    <file name="u3046-8.png" crc="4056689102" ref="phone>ch"/>
    <file name="u3053-13.png" crc="3999612886" ref="phone>ch"/>
    <file name="img_9012299x200.jpg" crc="3954280368" seo="true" ref="phone>ch">
      <caption webpage="ch" alt=""/>
    </file>
    <file name="img_9045138x207.jpg" crc="3873471202" seo="true" ref="phone>ch">
      <caption webpage="ch" alt=""/>
    </file>
    <file name="img_8948138x207.jpg" crc="3896757758" seo="true" ref="phone>ch">
      <caption webpage="ch" alt=""/>
    </file>
    <file name="img_8987.jpg" crc="371776346" seo="true" ref="phone>ch:children-s-hour">
      <caption webpage="ch" alt=""/>
      <caption webpage="children-s-hour" alt=""/>
    </file>
    <file name="img_9222275x184.jpg" crc="393993521" seo="true" ref="phone>ch">
      <caption webpage="ch" alt=""/>
    </file>
    <file name="img_8907275x184.jpg" crc="4006803307" seo="true" ref="phone>ch">
      <caption webpage="ch" alt=""/>
    </file>
    <file name="u3149-4.png" crc="4169591822" ref="phone>ch"/>
    <file name="u78-8.png" crc="82961556" ref="portfolio:death-and-silence:index:project-serenity:my-block:ruined:the-meeting:fun-photo-of-me:lone-star:boeing-boeing:angel-street:radio-golf:the-little-mermaid:video-portfolio:lmhc:death-of-the-ego:children-s-hour:debauchary:speig:the-open-hand:artist-statment:three-keys:fine-arts"/>
    <file name="u261_states.png" crc="280157488" ref="portfolio:death-and-silence:index:project-serenity:my-block:ruined:the-meeting:fun-photo-of-me:lone-star:boeing-boeing:angel-street:radio-golf:the-little-mermaid:video-portfolio:lmhc:death-of-the-ego:children-s-hour:debauchary:speig:the-open-hand:artist-statment:three-keys:fine-arts"/>
    <file name="u261_states-r.png" crc="417116472" ref="portfolio:death-and-silence:index:project-serenity:my-block:ruined:the-meeting:fun-photo-of-me:lone-star:boeing-boeing:angel-street:radio-golf:the-little-mermaid:video-portfolio:lmhc:death-of-the-ego:children-s-hour:debauchary:speig:the-open-hand:artist-statment:three-keys:fine-arts"/>
    <file name="u262_states.png" crc="4227941964" ref="portfolio:death-and-silence:index:project-serenity:my-block:ruined:the-meeting:fun-photo-of-me:lone-star:boeing-boeing:angel-street:radio-golf:the-little-mermaid:video-portfolio:lmhc:death-of-the-ego:children-s-hour:debauchary:speig:the-open-hand:artist-statment:three-keys:fine-arts"/>
    <file name="u262_states-r.png" crc="4280724001" ref="portfolio:death-and-silence:index:project-serenity:my-block:ruined:the-meeting:fun-photo-of-me:lone-star:boeing-boeing:angel-street:radio-golf:the-little-mermaid:video-portfolio:lmhc:death-of-the-ego:children-s-hour:debauchary:speig:the-open-hand:artist-statment:three-keys:fine-arts"/>
    <file name="u263_states.png" crc="498486861" ref="portfolio:death-and-silence:index:project-serenity:my-block:ruined:the-meeting:fun-photo-of-me:lone-star:boeing-boeing:angel-street:radio-golf:the-little-mermaid:video-portfolio:lmhc:death-of-the-ego:children-s-hour:debauchary:speig:the-open-hand:artist-statment:three-keys:fine-arts"/>
    <file name="u263_states-r.png" crc="4031096585" ref="portfolio:death-and-silence:index:project-serenity:my-block:ruined:the-meeting:fun-photo-of-me:lone-star:boeing-boeing:angel-street:radio-golf:the-little-mermaid:video-portfolio:lmhc:death-of-the-ego:children-s-hour:debauchary:speig:the-open-hand:artist-statment:three-keys:fine-arts"/>
    <file name="u467_states.png" crc="4115046239" ref="portfolio:death-and-silence:index:project-serenity:my-block:ruined:the-meeting:fun-photo-of-me:lone-star:boeing-boeing:angel-street:radio-golf:the-little-mermaid:video-portfolio:lmhc:death-of-the-ego:children-s-hour:debauchary:speig:the-open-hand:artist-statment:three-keys:fine-arts"/>
    <file name="u467_states-r.png" crc="3921432467" ref="portfolio:death-and-silence:index:project-serenity:my-block:ruined:the-meeting:fun-photo-of-me:lone-star:boeing-boeing:angel-street:radio-golf:the-little-mermaid:video-portfolio:lmhc:death-of-the-ego:children-s-hour:debauchary:speig:the-open-hand:artist-statment:three-keys:fine-arts"/>
    <file name="angel street 1253x154.jpg" crc="4113356998" seo="true" ref="portfolio">
      <caption webpage="portfolio" alt=""/>
    </file>
    <file name="img_8907.jpg" crc="3766286343" seo="true" ref="portfolio">
      <caption webpage="portfolio" alt=""/>
    </file>
    <file name="img_8185224x149.jpg" crc="3790837206" seo="true" ref="portfolio">
      <caption webpage="portfolio" alt=""/>
    </file>
    <file name="img_0960235x177.jpg" crc="174384021" seo="true" ref="portfolio">
      <caption webpage="portfolio" alt=""/>
    </file>
    <file name="img_0340232x156.jpg" crc="514443118" seo="true" ref="portfolio">
      <caption webpage="portfolio" alt=""/>
    </file>
    <file name="the meeting 1228x160.jpg" crc="70304686" seo="true" ref="portfolio">
      <caption webpage="portfolio" alt=""/>
    </file>
    <file name="img_1027227x153.jpg" crc="46782047" seo="true" ref="portfolio">
      <caption webpage="portfolio" alt=""/>
    </file>
    <file name="lone star projections.jpg" crc="193261385" seo="true" ref="portfolio">
      <caption webpage="portfolio" alt=""/>
    </file>
    <file name="u106_states.png" crc="362234629" ref="portfolio"/>
    <file name="u106_states-r.png" crc="3926815600" ref="portfolio"/>
    <file name="u107_states.png" crc="94822045" ref="portfolio"/>
    <file name="u107_states-r.png" crc="251373912" ref="portfolio"/>
    <file name="u108_states.png" crc="79812414" ref="portfolio"/>
    <file name="u108_states-r.png" crc="3894489526" ref="portfolio"/>
    <file name="u118_states.png" crc="3980242708" ref="portfolio"/>
    <file name="u118_states-r.png" crc="132759005" ref="portfolio"/>
    <file name="u119_states.png" crc="261152212" ref="portfolio"/>
    <file name="u119_states-r.png" crc="4042782124" ref="portfolio"/>
    <file name="u120_states.png" crc="129808594" ref="portfolio"/>
    <file name="u120_states-r.png" crc="4158219243" ref="portfolio"/>
    <file name="u940_states.png" crc="200546608" ref="portfolio"/>
    <file name="u940_states-r.png" crc="3980926047" ref="portfolio"/>
    <file name="u2540_states.png" crc="3868418999" ref="portfolio"/>
    <file name="u2540_states-r.png" crc="100298527" ref="portfolio"/>
    <file name="u2873_states.png" crc="53261697" ref="portfolio"/>
    <file name="u2873_states-r.png" crc="103050538" ref="portfolio"/>
    <file name="u2875_states.png" crc="4256039082" ref="portfolio"/>
    <file name="u2875_states-r.png" crc="118986843" ref="portfolio"/>
    <file name="u2863-14.png" crc="3838855129" ref="portfolio:death-and-silence:index:project-serenity:my-block:ruined:the-meeting:fun-photo-of-me:lone-star:boeing-boeing:angel-street:radio-golf:the-little-mermaid:video-portfolio:lmhc:death-of-the-ego:children-s-hour:debauchary:speig:the-open-hand:artist-statment:three-keys:fine-arts"/>
    <file name="u192-12.png" crc="4153378676" ref="death-and-silence"/>
    <file name="death and silence (zombies) moody sewing up leg living room.jpg" crc="4254352659" seo="true" ref="death-and-silence">
      <caption webpage="death-and-silence" alt=""/>
    </file>
    <file name="u394-6.png" crc="3961399297" ref="death-and-silence"/>
    <file name="sillouetted knife fight d-s.jpg" crc="288631397" seo="true" ref="death-and-silence">
      <caption webpage="death-and-silence" alt=""/>
    </file>
    <file name="u2666-6.png" crc="3922828688" ref="death-and-silence"/>
    <file name="u2672-7.png" crc="330662084" ref="death-and-silence"/>
    <file name="u271-4.png" crc="4268065662" ref="index"/>
    <file name="u276-4.png" crc="4015876656" ref="index"/>
    <file name="u304-4.png" crc="3971802042" ref="index"/>
    <file name="u342-4.png" crc="275382377" ref="index"/>
    <file name="u2583-4.png" crc="272409808" ref="index"/>
    <file name="u370-4.png" crc="4090307121" ref="index"/>
    <file name="u384-4.png" crc="4160935165" ref="index"/>
    <file name="u2685-4.png" crc="9566441" ref="index"/>
    <file name="u403-12.png" crc="259756457" ref="project-serenity"/>
    <file name="img_0376-u408.png" crc="3898296759" ref="project-serenity"/>
    <file name="img_0424.jpg" crc="180677237" seo="true" ref="project-serenity">
      <caption webpage="project-serenity" alt=""/>
    </file>
    <file name="img_0737.jpg" crc="3876469469" seo="true" ref="project-serenity">
      <caption webpage="project-serenity" alt=""/>
    </file>
    <file name="u434-12.png" crc="4092212641" ref="my-block"/>
    <file name="u746-12.png" crc="4111142249" ref="ruined"/>
    <file name="u785-12.png" crc="4249152396" ref="the-meeting"/>
    <file name="u812_states.png" crc="4139413482" ref="the-meeting"/>
    <file name="u812_states-r.png" crc="519110825" ref="the-meeting"/>
    <file name="u835-8.png" crc="151988414" ref="fun-photo-of-me"/>
    <file name="the meeting projections-crop-u842.jpg" crc="244818838" seo="true" ref="fun-photo-of-me">
      <caption webpage="fun-photo-of-me" alt=""/>
    </file>
    <file name="u858_states.png" crc="153580331" ref="fun-photo-of-me"/>
    <file name="u858_states-r.png" crc="416935530" ref="fun-photo-of-me"/>
    <file name="u875-12.png" crc="214933671" ref="lone-star"/>
    <file name="u903-12.png" crc="4061902652" ref="boeing-boeing"/>
    <file name="boeing 1.jpg" crc="4274401246" seo="true" ref="boeing-boeing">
      <caption webpage="boeing-boeing" alt=""/>
    </file>
    <file name="boeing 3.jpg" crc="472721741" seo="true" ref="boeing-boeing">
      <caption webpage="boeing-boeing" alt=""/>
    </file>
    <file name="u2620-10.png" crc="502207330" ref="angel-street"/>
    <file name="angel street 1.jpg" crc="533444104" seo="true" ref="angel-street">
      <caption webpage="angel-street" alt=""/>
    </file>
    <file name="22555391_10213573187945275_182703940228106119_o-crop-u2622.jpg" crc="3847507274" seo="true" ref="angel-street">
      <caption webpage="angel-street" alt=""/>
    </file>
    <file name="u2657-6.png" crc="108599821" ref="angel-street"/>
    <file name="u992-12.png" crc="4030599456" ref="radio-golf"/>
    <file name="img_0275.jpg" crc="4097005033" seo="true" ref="radio-golf">
      <caption webpage="radio-golf" alt=""/>
    </file>
    <file name="13220756_1188938951125215_6366150466610158320_o.jpg" crc="484686676" seo="true" ref="radio-golf">
      <caption webpage="radio-golf" alt=""/>
    </file>
    <file name="u1030-10.png" crc="3892085545" ref="the-little-mermaid"/>
    <file name="mermaid 3.jpg" crc="497502718" seo="true" ref="the-little-mermaid">
      <caption webpage="the-little-mermaid" alt=""/>
    </file>
    <file name="mermaid 2.jpg" crc="132458840" seo="true" ref="the-little-mermaid">
      <caption webpage="the-little-mermaid" alt=""/>
    </file>
    <file name="u1137-10.png" crc="431008099" ref="video-portfolio"/>
    <file name="u2466-10.png" crc="373273060" ref="lmhc"/>
    <file name="img_0960.jpg" crc="3943662126" seo="true" ref="lmhc">
      <caption webpage="lmhc" alt=""/>
    </file>
    <file name="fullsizerender 3.jpg" crc="489632366" seo="true" ref="lmhc">
      <caption webpage="lmhc" alt=""/>
    </file>
    <file name="img_0957.jpg" crc="3921273236" seo="true" ref="lmhc">
      <caption webpage="lmhc" alt=""/>
    </file>
    <file name="u2709-10.png" crc="141507812" ref="death-of-the-ego"/>
    <file name="img_8185.jpg" crc="329549732" seo="true" ref="death-of-the-ego">
      <caption webpage="death-of-the-ego" alt=""/>
    </file>
    <file name="img_8502.jpg" crc="3834567754" seo="true" ref="death-of-the-ego">
      <caption webpage="death-of-the-ego" alt=""/>
    </file>
    <file name="img_8059.jpg" crc="233603064" seo="true" ref="death-of-the-ego">
      <caption webpage="death-of-the-ego" alt=""/>
    </file>
    <file name="u2797-12.png" crc="3903100919" ref="children-s-hour"/>
    <file name="img_9012.jpg" crc="248676711" seo="true" ref="children-s-hour">
      <caption webpage="children-s-hour" alt=""/>
    </file>
    <file name="img_9045.jpg" crc="238862383" seo="true" ref="children-s-hour">
      <caption webpage="children-s-hour" alt=""/>
    </file>
    <file name="img_8948.jpg" crc="3989295694" seo="true" ref="children-s-hour">
      <caption webpage="children-s-hour" alt=""/>
    </file>
    <file name="img_9222.jpg" crc="485797467" seo="true" ref="children-s-hour:debauchary">
      <caption webpage="debauchary" alt=""/>
      <caption webpage="children-s-hour" alt=""/>
    </file>
    <file name="u2850-7.png" crc="4132246936" ref="children-s-hour"/>
    <file name="img_89072.jpg" crc="207468241" seo="true" ref="children-s-hour">
      <caption webpage="children-s-hour" alt=""/>
    </file>
    <file name="u2965_states.png" crc="209141239" ref="children-s-hour"/>
    <file name="u2965_states-r.png" crc="352722894" ref="children-s-hour"/>
    <file name="u3152-4.png" crc="4269437084" ref="children-s-hour"/>
    <file name="u2956-7.png" crc="3987697474" ref="debauchary"/>
    <file name="u3343-5.png" crc="292849845" ref="phone>portfolio"/>
    <file name="img_2025272x195.jpg" crc="168539515" seo="true" ref="phone>portfolio">
      <caption webpage="portfolio" alt=""/>
    </file>
    <file name="u3192-10.png" crc="3793014796" ref="phone>speigeltent"/>
    <file name="img_2025282x188.jpg" crc="461047754" seo="true" ref="phone>speigeltent">
      <caption webpage="speigeltent" alt=""/>
    </file>
    <file name="img_2024284x173.jpg" crc="4263606134" seo="true" ref="phone>speigeltent">
      <caption webpage="speigeltent" alt=""/>
    </file>
    <file name="img_2027254x327.jpg" crc="3770750741" seo="true" ref="phone>speigeltent">
      <caption webpage="speigeltent" alt=""/>
    </file>
    <file name="img_2026288x135.jpg" crc="491256539" seo="true" ref="phone>speigeltent">
      <caption webpage="speigeltent" alt=""/>
    </file>
    <file name="u3193-8.png" crc="227123600" ref="phone>speigeltent"/>
    <file name="img_2025222x159.jpg" crc="320812538" seo="true" ref="portfolio">
      <caption webpage="portfolio" alt=""/>
    </file>
    <file name="u691_states.png" crc="124243094" ref="portfolio"/>
    <file name="u691_states-r.png" crc="387495050" ref="portfolio"/>
    <file name="u3277-12.png" crc="3844761696" ref="speig"/>
    <file name="img_2025.jpg" crc="3922872148" seo="true" ref="speig">
      <caption webpage="speig" alt=""/>
    </file>
    <file name="img_2026.jpg" crc="4274853232" seo="true" ref="speig">
      <caption webpage="speig" alt=""/>
    </file>
    <file name="img_2027.jpg" crc="4036427460" seo="true" ref="speig">
      <caption webpage="speig" alt=""/>
    </file>
    <file name="img_2024.jpg" crc="4199531191" seo="true" ref="speig">
      <caption webpage="speig" alt=""/>
    </file>
    <file name="u272-6.png" crc="424188051" ref="index"/>
    <file name="u3555-5.png" crc="155219181" ref="phone>portfolio"/>
    <file name="stopdoingthings2.jpg" crc="3818380728" seo="true" ref="phone>portfolio">
      <caption webpage="portfolio" alt=""/>
    </file>
    <file name="u3478-10.png" crc="47492476" ref="phone>the-open-hand"/>
    <file name="stopdoingthings1277x202.jpg" crc="423145843" seo="true" ref="phone>the-open-hand">
      <caption webpage="the-open-hand" alt=""/>
    </file>
    <file name="dnb-allison-park273x239.jpg" crc="4205903625" seo="true" ref="phone>the-open-hand">
      <caption webpage="the-open-hand" alt=""/>
    </file>
    <file name="poussin270x214.jpg" crc="4254271405" seo="true" ref="phone>the-open-hand">
      <caption webpage="the-open-hand" alt=""/>
    </file>
    <file name="angrysex214x334.jpg" crc="3992147190" seo="true" ref="phone>the-open-hand">
      <caption webpage="the-open-hand" alt=""/>
    </file>
    <file name="allisonpourswine269x389.jpg" crc="3989331938" seo="true" ref="phone>the-open-hand">
      <caption webpage="the-open-hand" alt=""/>
    </file>
    <file name="u3479-4.png" crc="79610514" ref="phone>the-open-hand"/>
    <file name="fullsizerender 3351x263.jpg" crc="303412623" seo="true" ref="index">
      <caption webpage="index" alt=""/>
    </file>
    <file name="img_8876.jpg" crc="4152617561" seo="true" ref="index">
      <caption webpage="index" alt=""/>
    </file>
    <file name="img_1027395x263.jpg" crc="4221492218" seo="true" ref="index">
      <caption webpage="index" alt=""/>
    </file>
    <file name="img_7574395x263.jpg" crc="4211779541" seo="true" ref="index">
      <caption webpage="index" alt=""/>
    </file>
    <file name="angrysex-crop-u3576.jpg" crc="3999420814" seo="true" ref="index">
      <caption webpage="index" alt=""/>
    </file>
    <file name="u3615-4.png" crc="140615725" ref="index"/>
    <file name="u3588-4.png" crc="3950400086" ref="index"/>
    <file name="u3388-10.png" crc="3800229976" ref="the-open-hand"/>
    <file name="stopdoingthings1.jpg" crc="4238552381" seo="true" ref="the-open-hand">
      <caption webpage="the-open-hand" alt=""/>
    </file>
    <file name="dnb-allison-park.jpg" crc="3893502714" seo="true" ref="the-open-hand">
      <caption webpage="the-open-hand" alt=""/>
    </file>
    <file name="poussin.jpg" crc="183454452" seo="true" ref="the-open-hand">
      <caption webpage="the-open-hand" alt=""/>
    </file>
    <file name="angrysex.jpg" crc="244966562" seo="true" ref="the-open-hand">
      <caption webpage="the-open-hand" alt=""/>
    </file>
    <file name="allisonpourswine.jpg" crc="4224966430" seo="true" ref="the-open-hand">
      <caption webpage="the-open-hand" alt=""/>
    </file>
    <file name="angrysex-crop-u3626.jpg" crc="3958772639" seo="true" ref="portfolio">
      <caption webpage="portfolio" alt=""/>
    </file>
    <file name="u3625_states.png" crc="294537514" ref="portfolio"/>
    <file name="u3625_states-r.png" crc="494989948" ref="portfolio"/>
    <file name="u3666_states.png" crc="4042489713" ref="portfolio:death-and-silence:index:project-serenity:my-block:ruined:the-meeting:fun-photo-of-me:lone-star:boeing-boeing:angel-street:radio-golf:the-little-mermaid:video-portfolio:lmhc:death-of-the-ego:children-s-hour:debauchary:speig:the-open-hand:artist-statment:three-keys:fine-arts"/>
    <file name="u3666_states-r.png" crc="156726121" ref="portfolio:death-and-silence:index:project-serenity:my-block:ruined:the-meeting:fun-photo-of-me:lone-star:boeing-boeing:angel-street:radio-golf:the-little-mermaid:video-portfolio:lmhc:death-of-the-ego:children-s-hour:debauchary:speig:the-open-hand:artist-statment:three-keys:fine-arts"/>
    <file name="u3659-10.png" crc="3760465606" ref="artist-statment"/>
    <file name="u1716-43.png" crc="54076592" ref="phone>index"/>
    <file name="business card image.png" crc="3842994644" seo="true" ref="portfolio:death-and-silence:index:project-serenity:my-block:ruined:the-meeting:fun-photo-of-me:lone-star:boeing-boeing:angel-street:radio-golf:the-little-mermaid:video-portfolio:lmhc:death-of-the-ego:children-s-hour:debauchary:speig:the-open-hand:artist-statment:three-keys:phone>index:phone>video-portfolio:phone>portfolio:phone>angel-street:phone>death-and-silence:phone>project-serenity:phone>my-block:phone>ruined:phone>the-meeting:phone>ls:phone>boeing-boeing:phone>radio-golf:phone>the-little-mermaid:phone>reality-check:phone>lmhc:phone>death-of-the-ego:phone>ch:phone>speigeltent:phone>the-open-hand:phone>three-keys:fine-arts:phone>fine-arts">
      <caption webpage="speigeltent" alt=""/>
      <caption webpage="children-s-hour" alt=""/>
      <caption webpage="ruined" alt=""/>
      <caption webpage="death-and-silence" alt=""/>
      <caption webpage="ch" alt=""/>
      <caption webpage="video-portfolio" alt=""/>
      <caption webpage="lone-star" alt=""/>
      <caption webpage="ls" alt=""/>
      <caption webpage="portfolio" alt=""/>
      <caption webpage="my-block" alt=""/>
      <caption webpage="fine-arts" alt=""/>
      <caption webpage="fine-arts" alt=""/>
      <caption webpage="angel-street" alt=""/>
      <caption webpage="boeing-boeing" alt=""/>
      <caption webpage="reality-check" alt=""/>
      <caption webpage="the-meeting" alt=""/>
      <caption webpage="index" alt=""/>
      <caption webpage="death-of-the-ego" alt=""/>
      <caption webpage="lmhc" alt=""/>
      <caption webpage="artist-statment" alt=""/>
      <caption webpage="three-keys" alt=""/>
      <caption webpage="the-open-hand" alt=""/>
      <caption webpage="project-serenity" alt=""/>
      <caption webpage="fun-photo-of-me" alt=""/>
      <caption webpage="debauchary" alt=""/>
      <caption webpage="the-little-mermaid" alt=""/>
      <caption webpage="radio-golf" alt=""/>
      <caption webpage="speig" alt=""/>
    </file>
    <file name="fy1912278_04_0250.jpg" crc="268500950" seo="true" ref="portfolio">
      <caption webpage="portfolio" alt=""/>
    </file>
    <file name="stopdoingthings1394x263.jpg" crc="521350017" seo="true" ref="index">
      <caption webpage="index" alt=""/>
    </file>
    <file name="u3746-4.png" crc="3950400086" ref="index"/>
    <file name="u3683-10.png" crc="187989448" ref="three-keys"/>
    <file name="fy1912278_04_0370.jpg" crc="4222050330" seo="true" ref="three-keys">
      <caption webpage="three-keys" alt=""/>
    </file>
    <file name="fy1912278_04_0308.jpg" crc="3927919839" seo="true" ref="three-keys">
      <caption webpage="three-keys" alt=""/>
    </file>
    <file name="fy1912278_04_0340.jpg" crc="89595905" seo="true" ref="three-keys">
      <caption webpage="three-keys" alt=""/>
    </file>
    <file name="fy1912278_04_0020.jpg" crc="4141877344" seo="true" ref="three-keys">
      <caption webpage="three-keys" alt=""/>
    </file>
    <file name="fy1912278_04_0232.jpg" crc="4279403952" seo="true" ref="three-keys">
      <caption webpage="three-keys" alt=""/>
    </file>
    <file name="fy1912278_04_0250-crop-u1927.jpg" crc="478563413" seo="true" ref="phone>portfolio">
      <caption webpage="portfolio" alt=""/>
    </file>
    <file name="u3883-10.png" crc="141677123" ref="phone>three-keys"/>
    <file name="fy1912278_04_0370289x200.jpg" crc="4038610631" seo="true" ref="phone>three-keys">
      <caption webpage="three-keys" alt=""/>
    </file>
    <file name="fy1912278_04_0308254x381.jpg" crc="298756581" seo="true" ref="phone>three-keys">
      <caption webpage="three-keys" alt=""/>
    </file>
    <file name="fy1912278_04_0340287x192.jpg" crc="36334784" seo="true" ref="phone>three-keys">
      <caption webpage="three-keys" alt=""/>
    </file>
    <file name="fy1912278_04_0020279x186.jpg" crc="3957333433" seo="true" ref="phone>three-keys">
      <caption webpage="three-keys" alt=""/>
    </file>
    <file name="fy1912278_04_0232281x188.jpg" crc="4071669282" seo="true" ref="phone>three-keys">
      <caption webpage="three-keys" alt=""/>
    </file>
    <file name="u3884-4.png" crc="482474018" ref="phone>three-keys"/>
    <file name="u275-35.png" crc="4011103284" ref="index"/>
    <file name="u2684-9.png" crc="47583930" ref="index"/>
    <file name="u4036_states.png" crc="8091792" ref="portfolio:death-and-silence:index:project-serenity:my-block:ruined:the-meeting:fun-photo-of-me:lone-star:boeing-boeing:angel-street:radio-golf:the-little-mermaid:video-portfolio:lmhc:death-of-the-ego:children-s-hour:debauchary:speig:the-open-hand:artist-statment:three-keys:fine-arts"/>
    <file name="u4036_states-r.png" crc="446394038" ref="portfolio:death-and-silence:index:project-serenity:my-block:ruined:the-meeting:fun-photo-of-me:lone-star:boeing-boeing:angel-street:radio-golf:the-little-mermaid:video-portfolio:lmhc:death-of-the-ego:children-s-hour:debauchary:speig:the-open-hand:artist-statment:three-keys:fine-arts"/>
    <file name="u4099-6.png" crc="53171587" ref="fine-arts"/>
    <file name="best pictures.jpg" crc="4075821727" seo="true" ref="fine-arts">
      <caption webpage="fine-arts" alt=""/>
    </file>
    <file name="u4122-20.png" crc="60738463" ref="fine-arts"/>
    <file name="u4135-15.png" crc="219695293" ref="fine-arts"/>
    <file name="ee0d439f-e430-4b78-a3ba-8524ee94231f (1).jpg" crc="469905708" seo="true" ref="fine-arts">
      <caption webpage="fine-arts" alt=""/>
    </file>
    <file name="img-2447.jpg" crc="4009616122" seo="true" ref="fine-arts">
      <caption webpage="fine-arts" alt=""/>
    </file>
    <file name="u4148-18.png" crc="4261583867" ref="fine-arts"/>
    <file name="u4105_states.png" crc="370447951" ref="fine-arts"/>
    <file name="u4105_states-r.png" crc="278752813" ref="fine-arts"/>
    <file name="u4203_states.png" crc="43356750" ref="phone>index:phone>video-portfolio:phone>portfolio:phone>angel-street:phone>death-and-silence:phone>project-serenity:phone>my-block:phone>ruined:phone>the-meeting:phone>ls:phone>boeing-boeing:phone>radio-golf:phone>the-little-mermaid:phone>reality-check:phone>lmhc:phone>death-of-the-ego:phone>ch:phone>speigeltent:phone>the-open-hand:phone>three-keys:phone>fine-arts"/>
    <file name="u4203_states-r.png" crc="332570088" ref="phone>index:phone>video-portfolio:phone>portfolio:phone>angel-street:phone>death-and-silence:phone>project-serenity:phone>my-block:phone>ruined:phone>the-meeting:phone>ls:phone>boeing-boeing:phone>radio-golf:phone>the-little-mermaid:phone>reality-check:phone>lmhc:phone>death-of-the-ego:phone>ch:phone>speigeltent:phone>the-open-hand:phone>three-keys:phone>fine-arts"/>
    <file name="best pictures185x240.jpg" crc="135724658" seo="true" ref="phone>fine-arts">
      <caption webpage="fine-arts" alt=""/>
    </file>
    <file name="u4175-20.png" crc="4030994028" ref="phone>fine-arts"/>
    <file name="ee0d439f-e430-4b78-a3ba-8524ee94231f (1)266x266.jpg" crc="4246825067" seo="true" ref="phone>fine-arts">
      <caption webpage="fine-arts" alt=""/>
    </file>
    <file name="u4178-15.png" crc="4147396077" ref="phone>fine-arts"/>
    <file name="img-2447187x188.jpg" crc="532832376" seo="true" ref="phone>fine-arts">
      <caption webpage="fine-arts" alt=""/>
    </file>
    <file name="u4181-18.png" crc="3796062576" ref="phone>fine-arts"/>
    <file name="u4170-7.png" crc="4217626973" ref="phone>fine-arts"/>
  </folder>
  <folder name="phone">
    <folder name="css">
      <file name="master_a-master.css" crc="3854387642" ref="phone>my-block:phone>ruined:phone>ls:phone>the-meeting:phone>ch:phone>boeing-boeing:phone>radio-golf:phone>video-portfolio:phone>the-little-mermaid:phone>index:phone>reality-check:phone>portfolio:phone>lmhc:phone>angel-street:phone>death-and-silence:phone>death-of-the-ego:phone>project-serenity:phone>speigeltent:phone>the-open-hand:phone>three-keys:phone>fine-arts"/>
      <file name="my-block.css" crc="19067537" ref="phone>my-block"/>
      <file name="ruined.css" crc="3991745049" ref="phone>ruined"/>
      <file name="ls.css" crc="396374587" ref="phone>ls"/>
      <file name="the-meeting.css" crc="511943659" ref="phone>the-meeting"/>
      <file name="ch.css" crc="91680432" ref="phone>ch"/>
      <file name="boeing-boeing.css" crc="450623166" ref="phone>boeing-boeing"/>
      <file name="radio-golf.css" crc="3810416612" ref="phone>radio-golf"/>
      <file name="video-portfolio.css" crc="4093402074" ref="phone>video-portfolio"/>
      <file name="the-little-mermaid.css" crc="3872450324" ref="phone>the-little-mermaid"/>
      <file name="index.css" crc="135605005" ref="phone>index"/>
      <file name="reality-check.css" crc="3777060431" ref="phone>reality-check"/>
      <file name="rando.css" crc="44182593" ref="phone>rando"/>
      <file name="portfolio.css" crc="167138709" ref="phone>portfolio"/>
      <file name="lmhc.css" crc="4276799002" ref="phone>lmhc"/>
      <file name="angel-street.css" crc="430737666" ref="phone>angel-street"/>
      <file name="death-and-silence.css" crc="4074835582" ref="phone>death-and-silence"/>
      <file name="death-of-the-ego.css" crc="195616158" ref="phone>death-of-the-ego"/>
      <file name="project-serenity.css" crc="3949689328" ref="phone>project-serenity"/>
      <file name="speigeltent.css" crc="11746534" ref="phone>speigeltent"/>
      <file name="the-open-hand.css" crc="323521794" ref="phone>the-open-hand"/>
      <file name="three-keys.css" crc="97109685" ref="phone>three-keys"/>
      <file name="fine-arts.css" crc="3911530723" ref="phone>fine-arts"/>
    </folder>
    <file name="index.html" crc="3878153969" seo="true" mt="1565076161298" redirect="true"/>
    <file name="video-portfolio.html" crc="432432394" seo="true" mt="1565076161298" redirect="true"/>
    <file name="portfolio.html" crc="111615940" seo="true" mt="1565076161298" redirect="true"/>
    <file name="angel-street.html" crc="329804661" seo="true" mt="1565076161298" redirect="true"/>
    <file name="death-and-silence.html" crc="223173647" seo="true" mt="1565076161298" redirect="true"/>
    <file name="project-serenity.html" crc="3934228810" seo="true" mt="1565076161298" redirect="true"/>
    <file name="my-block.html" crc="45220897" seo="true" mt="1565076161298" redirect="true"/>
    <file name="ruined.html" crc="3781164168" seo="true" mt="1565076161298" redirect="true"/>
    <file name="the-meeting.html" crc="234366562" seo="true" mt="1565076161298" redirect="true"/>
    <file name="ls.html" crc="459027443" seo="true" mt="1565076161298" redirect="true"/>
    <file name="boeing-boeing.html" crc="3758477209" seo="true" mt="1565076161298" redirect="true"/>
    <file name="radio-golf.html" crc="236190530" seo="true" mt="1565076161298" redirect="true"/>
    <file name="the-little-mermaid.html" crc="4223240287" seo="true" mt="1565076161298" redirect="true"/>
    <file name="reality-check.html" crc="218027692" seo="true" mt="1565076161298" redirect="true"/>
    <file name="rando.html" crc="3974966499" seo="true" mt="1540856365422" redirect="true"/>
    <file name="lmhc.html" crc="3991214293" seo="true" mt="1565076161298" redirect="true"/>
    <file name="death-of-the-ego.html" crc="3800261727" seo="true" mt="1565076161298" redirect="true"/>
    <file name="ch.html" crc="4160911591" seo="true" mt="1565076161298" redirect="true"/>
    <file name="speigeltent.html" crc="145485351" seo="true" mt="1565076161298" redirect="true"/>
    <file name="the-open-hand.html" crc="4245345891" seo="true" mt="1565076161298" redirect="true"/>
    <file name="three-keys.html" crc="452364520" seo="true" mt="1565076161298" redirect="true"/>
    <file name="fine-arts.html" crc="199423911" seo="true" mt="1565076176431" redirect="true"/>
  </folder>
  <file name="portfolio.html" crc="3815716014" seo="true" mt="1565075776012" redirect="true"/>
  <file name="death-and-silence.html" crc="4195418789" seo="true" mt="1565075776012" redirect="true"/>
  <file name="index.html" crc="4095805645" seo="true" mt="1565075776012" redirect="true"/>
  <file name="project-serenity.html" crc="3874823949" seo="true" mt="1565075776012" redirect="true"/>
  <file name="my-block.html" crc="4232966402" seo="true" mt="1565075776012" redirect="true"/>
  <file name="ruined.html" crc="72459411" seo="true" mt="1565075776012" redirect="true"/>
  <file name="the-meeting.html" crc="223236896" seo="true" mt="1565075776012" redirect="true"/>
  <file name="fun-photo-of-me.html" crc="192888897" seo="true" mt="1565075776012" redirect="true"/>
  <file name="lone-star.html" crc="134239207" seo="true" mt="1565075776012" redirect="true"/>
  <file name="boeing-boeing.html" crc="4031204561" seo="true" mt="1565075776012" redirect="true"/>
  <file name="angel-street.html" crc="307901024" seo="true" mt="1565075776012" redirect="true"/>
  <file name="radio-golf.html" crc="3831434337" seo="true" mt="1565075776012" redirect="true"/>
  <file name="the-little-mermaid.html" crc="442058537" seo="true" mt="1565075776012" redirect="true"/>
  <file name="video-portfolio.html" crc="4162361392" seo="true" mt="1565075776012" redirect="true"/>
  <file name="lmhc.html" crc="3774071614" seo="true" mt="1565075776012" redirect="true"/>
  <file name="death-of-the-ego.html" crc="4234043469" seo="true" mt="1565075776012" redirect="true"/>
  <file name="children-s-hour.html" crc="281673800" seo="true" mt="1565075776012" redirect="true"/>
  <file name="debauchary.html" crc="3811076843" seo="true" mt="1565075776012" redirect="true"/>
  <file name="speig.html" crc="276213217" seo="true" mt="1565075776012" redirect="true"/>
  <file name="the-open-hand.html" crc="383607799" seo="true" mt="1565075776012" redirect="true"/>
  <file name="artist-statment.html" crc="4016785378" seo="true" mt="1565075776012" redirect="true"/>
  <file name="three-keys.html" crc="464508477" seo="true" mt="1565075776012" redirect="true"/>
  <file name="fine-arts.html" crc="493535667" seo="true" mt="1565075830517" redirect="true"/>
  <site>
    <asset filename="loading-gif.psd" muse_href="upload:U2663"/>
    <asset filename="lutz_resume_2018.pdf" muse_href="upload:U3159"/>
    <asset filename="resume_lutz.pdf" muse_href="upload:U3642"/>
    <asset filename="resume_lutz_feb2019_2.pdf" muse_href="upload:U4035"/>
    <paragraphStyle className="normal_text" uid="U48"/>
    <paragraphStyle className="ts01-Head" uid="U1461"/>
    <paragraphStyle className="ts02-Subhead" uid="U1471"/>
    <nestedListStyle className="nls-None" uid="U51"/>
  </site>
  <renditions>
    <rendition device="desktop">
      <page name="Portfolio" filename="portfolio.html" muse_href="page:U74" master="U65">
        <breakpoint uid="U473" maxwidth="1160" minwidth="0" squishy="false"/>
      </page>
      <masterPage name="A-Master" master="U61" uid="U65">
        <breakpoint uid="U472" maxwidth="1160" minwidth="0" squishy="false"/>
      </masterPage>
      <masterPage name="None" master="null" uid="U61">
        <breakpoint uid="U474" maxwidth="1160" minwidth="0" squishy="false"/>
      </masterPage>
      <page name="Death and Silence" filename="death-and-silence.html" muse_href="page:U189" master="U65">
        <breakpoint uid="U469" maxwidth="1160" minwidth="0" squishy="false"/>
      </page>
      <page name="Home" filename="index.html" muse_href="page:U269" master="U65">
        <breakpoint uid="U471" maxwidth="1160" minwidth="0" squishy="false"/>
      </page>
      <page name="Project Serenity" filename="project-serenity.html" muse_href="page:U400" master="U65">
        <breakpoint uid="U468" maxwidth="1160" minwidth="0" squishy="false"/>
      </page>
      <page name="My Block" filename="my-block.html" muse_href="page:U431" master="U65">
        <breakpoint uid="U470" maxwidth="1160" minwidth="0" squishy="false"/>
      </page>
      <page name="Ruined" filename="ruined.html" muse_href="page:U728" master="U65">
        <breakpoint uid="U718" maxwidth="1160" minwidth="0" squishy="false"/>
      </page>
      <page name="The Meeting" filename="the-meeting.html" muse_href="page:U740" master="U65">
        <breakpoint uid="U730" maxwidth="1160" minwidth="0" squishy="false"/>
      </page>
      <page name="Fun Photo of ME" filename="fun-photo-of-me.html" muse_href="page:U829" master="U65">
        <breakpoint uid="U819" maxwidth="1160" minwidth="0" squishy="false"/>
      </page>
      <page name="Lone Star" filename="lone-star.html" muse_href="page:U872" master="U65">
        <breakpoint uid="U862" maxwidth="1160" minwidth="0" squishy="false"/>
      </page>
      <page name="Boeing Boeing" filename="boeing-boeing.html" muse_href="page:U900" master="U65">
        <breakpoint uid="U890" maxwidth="1160" minwidth="0" squishy="false"/>
      </page>
      <page name="Angel Street" filename="angel-street.html" muse_href="page:U961" master="U65">
        <breakpoint uid="U951" maxwidth="1160" minwidth="0" squishy="false"/>
      </page>
      <page name="Radio Golf" filename="radio-golf.html" muse_href="page:U976" master="U65">
        <breakpoint uid="U966" maxwidth="1160" minwidth="0" squishy="false"/>
      </page>
      <page name="The Little Mermaid" filename="the-little-mermaid.html" muse_href="page:U1027" master="U65">
        <breakpoint uid="U1017" maxwidth="1160" minwidth="0" squishy="false"/>
      </page>
      <page name="Video Portfolio" filename="video-portfolio.html" muse_href="page:U1134" master="U65">
        <breakpoint uid="U1124" maxwidth="1160" minwidth="0" squishy="false"/>
      </page>
      <page name="LMHC" filename="lmhc.html" muse_href="page:U2392" master="U65">
        <breakpoint uid="U2382" maxwidth="1160" minwidth="0" squishy="false"/>
      </page>
      <page name="Death of the Ego" filename="death-of-the-ego.html" muse_href="page:U2703" master="U65">
        <breakpoint uid="U2693" maxwidth="1160" minwidth="0" squishy="false"/>
      </page>
      <page name="Children's hour" filename="children-s-hour.html" muse_href="page:U2796" master="U65">
        <breakpoint uid="U2767" maxwidth="1160" minwidth="0" squishy="false"/>
      </page>
      <page name="Debauchary" filename="debauchary.html" muse_href="page:U2948" master="U65">
        <breakpoint uid="U2938" maxwidth="1160" minwidth="0" squishy="false"/>
      </page>
      <page name="Speig" filename="speig.html" muse_href="page:U3274" master="U65">
        <breakpoint uid="U3264" maxwidth="1160" minwidth="0" squishy="false"/>
      </page>
      <page name="The Open Hand" filename="the-open-hand.html" muse_href="page:U3385" master="U65">
        <breakpoint uid="U3375" maxwidth="1160" minwidth="0" squishy="false"/>
      </page>
      <page name="Artist Statment" filename="artist-statment.html" muse_href="page:U3655" master="U65">
        <breakpoint uid="U3645" maxwidth="1160" minwidth="0" squishy="false"/>
      </page>
      <page name="Three Keys" filename="three-keys.html" muse_href="page:U3680" master="U65">
        <breakpoint uid="U3670" maxwidth="1160" minwidth="0" squishy="false"/>
      </page>
      <page name="Fine Arts" filename="fine-arts.html" muse_href="page:U4051" master="U65">
        <breakpoint uid="U4041" maxwidth="1160" minwidth="0" squishy="false"/>
      </page>
    </rendition>
    <rendition device="phone">
      <page name="Home" filename="index.html" muse_href="page:U1184" master="U1163">
        <breakpoint uid="U1174" maxwidth="380" minwidth="0" squishy="false"/>
      </page>
      <masterPage name="A-Master" master="U1153" uid="U1163">
        <breakpoint uid="U1164" maxwidth="380" minwidth="0" squishy="false"/>
      </masterPage>
      <masterPage name="None" master="null" uid="U1153">
        <breakpoint uid="U1154" maxwidth="380" minwidth="0" squishy="false"/>
      </masterPage>
      <page name="Video Portfolio" filename="video-portfolio.html" muse_href="page:U1196" master="U1163">
        <breakpoint uid="U1186" maxwidth="380" minwidth="0" squishy="false"/>
      </page>
      <page name="Portfolio" filename="portfolio.html" muse_href="page:U1208" master="U1163">
        <breakpoint uid="U1198" maxwidth="380" minwidth="0" squishy="false"/>
      </page>
      <page name="Angel Street" filename="angel-street.html" muse_href="page:U1220" master="U1163">
        <breakpoint uid="U1210" maxwidth="380" minwidth="0" squishy="false"/>
      </page>
      <page name="Death and Silence" filename="death-and-silence.html" muse_href="page:U1232" master="U1163">
        <breakpoint uid="U1222" maxwidth="380" minwidth="0" squishy="false"/>
      </page>
      <page name="Project Serenity" filename="project-serenity.html" muse_href="page:U1244" master="U1163">
        <breakpoint uid="U1234" maxwidth="380" minwidth="0" squishy="false"/>
      </page>
      <page name="My Block" filename="my-block.html" muse_href="page:U1256" master="U1163">
        <breakpoint uid="U1246" maxwidth="380" minwidth="0" squishy="false"/>
      </page>
      <page name="Ruined" filename="ruined.html" muse_href="page:U1268" master="U1163">
        <breakpoint uid="U1258" maxwidth="380" minwidth="0" squishy="false"/>
      </page>
      <page name="The Meeting" filename="the-meeting.html" muse_href="page:U1280" master="U1163">
        <breakpoint uid="U1270" maxwidth="380" minwidth="0" squishy="false"/>
      </page>
      <page name="LS" filename="ls.html" muse_href="page:U1304" master="U1163">
        <breakpoint uid="U1294" maxwidth="380" minwidth="0" squishy="false"/>
      </page>
      <page name="Boeing Boeing" filename="boeing-boeing.html" muse_href="page:U1316" master="U1163">
        <breakpoint uid="U1306" maxwidth="380" minwidth="0" squishy="false"/>
      </page>
      <page name="Radio Golf" filename="radio-golf.html" muse_href="page:U1328" master="U1163">
        <breakpoint uid="U1318" maxwidth="380" minwidth="0" squishy="false"/>
      </page>
      <page name="The Little Mermaid" filename="the-little-mermaid.html" muse_href="page:U1340" master="U1163">
        <breakpoint uid="U1330" maxwidth="380" minwidth="0" squishy="false"/>
      </page>
      <page name="Reality Check" filename="reality-check.html" muse_href="page:U1352" master="U1163">
        <breakpoint uid="U1342" maxwidth="380" minwidth="0" squishy="false"/>
      </page>
      <page name="RANDO" filename="rando.html" muse_href="page:U1863" master="U1153">
        <breakpoint uid="U1853" maxwidth="380" minwidth="0" squishy="false"/>
      </page>
      <page name="LMHC" filename="lmhc.html" muse_href="page:U1972" master="U1163">
        <breakpoint uid="U1967" maxwidth="380" minwidth="0" squishy="false"/>
      </page>
      <page name="Death of The Ego" filename="death-of-the-ego.html" muse_href="page:U3002" master="U1163">
        <breakpoint uid="U2972" maxwidth="380" minwidth="0" squishy="false"/>
      </page>
      <page name="CH" filename="ch.html" muse_href="page:U3058" master="U1163">
        <breakpoint uid="U3028" maxwidth="380" minwidth="0" squishy="false"/>
      </page>
      <page name="Speigeltent" filename="speigeltent.html" muse_href="page:U3189" master="U1163">
        <breakpoint uid="U3179" maxwidth="380" minwidth="0" squishy="false"/>
      </page>
      <page name="The Open Hand" filename="the-open-hand.html" muse_href="page:U3373" master="U1163">
        <breakpoint uid="U3363" maxwidth="380" minwidth="0" squishy="false"/>
      </page>
      <page name="Three Keys" filename="three-keys.html" muse_href="page:U3880" master="U1163">
        <breakpoint uid="U3870" maxwidth="380" minwidth="0" squishy="false"/>
      </page>
      <page name="Fine Arts" filename="fine-arts.html" muse_href="page:U4163" master="U1163">
        <breakpoint uid="U4153" maxwidth="380" minwidth="0" squishy="false"/>
      </page>
    </rendition>
  </renditions>
</manifest>